kelas_id,kelas,poligon_id,lon,lat,B2,B3,B4,B5,B6,B7,B8,B8A,B11,B12,NDVI,NDWI,MNDWI,NDBI,NDRE,EVI,SAVI,BSI
1,Sawah,27,112.6020694477865,-7.1548305,0.0483,0.075,0.0678,0.1435,0.2244,0.2746,0.2586,0.2936,0.2115,0.1275,0.58455884,-0.5503597,-0.47643977,-0.10019144,0.2862472,0.36603612,0.34632137,-0.04708289
1,Sawah,7,112.62629310615299,-7.1509985,0.0523,0.0811,0.0832,0.1425,0.26415,0.30325,0.2758,0.3295,0.2507,0.14625,0.5364902,-0.545531,-0.5111513,-0.047673304,0.3186708,0.3482191,0.33632126,0.008761343
1,Sawah,46,112.60408561115926,-7.15844,0.05,0.0725,0.0588,0.1049,0.1946,0.2325,0.2208,0.2628,0.1905,0.1073,0.57939917,-0.5056256,-0.44866922,-0.07366883,0.35584894,0.3378942,0.3116983,-0.041338187
1,Sawah,38,112.60250965924783,-7.1568825,0.05865,0.0825,0.0861,0.1291,0.2169,0.24955,0.2622,0.2779,0.2122,0.12935,0.50559866,-0.52132285,-0.4401086,-0.105396286,0.34014824,0.32880858,0.31138748,-0.036420878
1,Sawah,50,112.60452107980734,-7.158059,0.04805,0.0713,0.0582,0.1073,0.1844,0.2099,0.2086,0.2352,0.15925,0.0834,0.56371814,-0.4905323,-0.38147908,-0.13415793,0.3206711,0.31400713,0.29420972,-0.08268297
1,Sawah,17,112.626626860562,-7.151014,0.05355,0.087,0.09015,0.1588,0.2526,0.27825,0.2868,0.30385,0.27145,0.17505,0.5216872,-0.53451043,-0.5145767,-0.027496612,0.2872531,0.34473994,0.33636466,0.030272825
1,Sawah,5,112.62837214675324,-7.150273,0.0451,0.0824,0.067,0.1517,0.2863,0.3171,0.3396,0.3487,0.2787,0.1567,0.67043775,-0.6094787,-0.5436168,-0.098495886,0.3824547,0.48562366,0.4510258,-0.05339541
1,Sawah,48,112.60397083388479,-7.1575825,0.0445,0.0597,0.0495,0.0824,0.1635,0.1868,0.172,0.2005,0.1367,0.0659,0.5530474,-0.4846785,-0.39205706,-0.1143505,0.35220125,0.2697644,0.25467774,-0.07524213
1,Sawah,34,112.60144420201635,-7.157573,0.057,0.0825,0.097,0.1224,0.2274,0.2539,0.2482,0.2828,0.182,0.1045,0.43800694,-0.50105834,-0.37618145,-0.15388192,0.33944955,0.2694803,0.26833886,-0.044847697
1,Sawah,23,112.62710589310464,-7.151973,0.0708,0.118,0.1062,0.1593,0.2442,0.2694,0.2524,0.2884,0.2294,0.128,0.40769657,-0.362851,-0.3206678,-0.047737684,0.22613555,0.26902694,0.2554158,0.018822057
1,Sawah,39,112.6030589866505,-7.1571095,0.05935,0.08255,0.085,0.127,0.2081,0.24305,0.2379,0.2692,0.2102,0.12785,0.47352126,-0.48478702,-0.43603754,-0.061816573,0.3039189,0.29341215,0.27870947,-0.0034602282
1,Sawah,29,112.6011883172572,-7.1579145,0.05235,0.07375,0.0641,0.10755,0.2051,0.24815,0.2372,0.26955,0.1626,0.08565,0.5745105,-0.5256472,-0.37592554,-0.18659332,0.37606958,0.35206544,0.32403597,-0.121743366
1,Sawah,20,112.62576624953071,-7.1515395,0.0565,0.0904,0.0769,0.15865,0.2714,0.3016,0.2984,0.3223,0.2587,0.1696,0.5901945,-0.5349794,-0.4820968,-0.07126189,0.30576527,0.41446805,0.37958413,-0.027950736
1,Sawah,18,112.62614168853875,-7.1514615,0.0501,0.0881,0.0645,0.1425,0.2882,0.3339,0.3164,0.3578,0.2363,0.1272,0.66132843,-0.56440043,-0.4568434,-0.1449249,0.37894967,0.47433433,0.4289363,-0.09845646
1,Sawah,24,112.62633435511364,-7.1516835,0.047,0.085,0.0565,0.13995,0.2716,0.31775,0.2998,0.34565,0.2333,0.11785,0.68285155,-0.55821204,-0.4659126,-0.12474209,0.36350197,0.4728679,0.4261941,-0.08953819
1,Sawah,37,112.60188784866907,-7.1566355,0.04545,0.0712,0.06635,0.11485,0.2463,0.28445,0.2726,0.3142,0.20115,0.11825,0.60849684,-0.58580565,-0.47714338,-0.15081793,0.4071493,0.387739,0.36876452,-0.086329125
1,Sawah,45,112.60377061482085,-7.158411,0.0598,0.0746,0.0756,0.118,0.2114,0.2439,0.2546,0.2721,0.1766,0.0957,0.5420957,-0.54678,-0.40605092,-0.18089055,0.36661297,0.3552433,0.32341602,-0.10977759
1,Sawah,41,112.60316109269826,-7.1582965,0.0579,0.081,0.0753,0.1192,0.2078,0.2456,0.2338,0.2709,0.172,0.0864,0.512779,-0.48538753,-0.35968378,-0.15229174,0.3246459,0.316658,0.29384497,-0.082374774
1,Sawah,4,112.62877974161074,-7.1503055,0.05205,0.0845,0.0801,0.1302,0.25675,0.2882,0.2902,0.31645,0.23865,0.1462,0.5673778,-0.5489725,-0.47702307,-0.09747566,0.3805899,0.38049874,0.36211652,-0.035552185
1,Sawah,25,112.60198937961107,-7.1556565,0.0509,0.0706,0.0589,0.1091,0.1866,0.2346,0.2412,0.2492,0.1396,0.0709,0.6074642,-0.5471456,-0.32825875,-0.26680672,0.37710533,0.37576783,0.3417698,-0.19078684
1,Sawah,31,112.60170017460366,-7.15777,0.04135,0.0561,0.04925,0.0959,0.21515,0.26505,0.2757,0.2964,0.1623,0.0851,0.6968764,-0.6618445,-0.48626378,-0.2589041,0.4838536,0.44892251,0.41175225,-0.19958384
1,Sawah,26,112.60197322663288,-7.1558720000000005,0.0496,0.0672,0.061,0.1085,0.1849,0.2273,0.2144,0.2401,0.141,0.0714,0.55700797,-0.52272725,-0.35446686,-0.20652783,0.32796532,0.31736177,0.29675004,-0.1330472
1,Sawah,40,112.60288970594382,-7.158213,0.0434,0.0742,0.064,0.1194,0.217,0.2594,0.2496,0.2757,0.1679,0.0982,0.5918367,-0.5416924,-0.38703015,-0.19568862,0.35284555,0.3547129,0.34218284,-0.11640309
1,Sawah,9,112.62600010265118,-7.1509374999999995,0.0541,0.0971,0.0882,0.1479,0.2676,0.30425,0.3344,0.3327,0.24015,0.13955,0.58258396,-0.5499421,-0.4241661,-0.1640414,0.3866888,0.42219704,0.40028182,-0.08390876
1,Sawah,47,112.60415137970732,-7.1580565,0.0452,0.0668,0.0515,0.1045,0.18585,0.21945,0.2314,0.2392,0.16615,0.08445,0.6359137,-0.5519785,-0.4264864,-0.16413029,0.37779096,0.3743549,0.34468004,-0.119271636
1,Sawah,21,112.62546292216982,-7.151388,0.0501,0.0818,0.0795,0.1203,0.267,0.2903,0.2604,0.3193,0.2197,0.135,0.5322154,-0.52191705,-0.45737976,-0.08477402,0.36800632,0.3321338,0.3230742,-0.018533703
1,Sawah,28,112.60219780087209,-7.1548575,0.0415,0.0681,0.05915,0.12235,0.2365,0.2743,0.267,0.30555,0.1884,0.10585,0.63728344,-0.59355414,-0.46900585,-0.1725955,0.3715166,0.3964636,0.37738305,-0.109612435
1,Sawah,42,112.60302955618678,-7.1588555,0.06955,0.082,0.08625,0.1211,0.20755,0.2355,0.225,0.25245,0.1828,0.10525,0.44578308,-0.46579805,-0.38066462,-0.1034821,0.30020222,0.28411996,0.25654852,-0.045244854
1,Sawah,16,112.62708919366786,-7.150945999999999,0.03915,0.0755,0.05915,0.14065,0.2947,0.3285,0.3434,0.36025,0.2442,0.13525,0.7061234,-0.6395321,-0.52768224,-0.16882232,0.4188617,0.5058999,0.47241148,-0.11546873
1,Sawah,43,112.60391079697987,-7.158037,0.0648,0.0858,0.088,0.1227,0.2058,0.231,0.2346,0.2606,0.1775,0.1059,0.4544327,-0.46441942,-0.3482719,-0.1385586,0.3131822,0.2870907,0.2673231,-0.060010605
1,Sawah,32,112.60187399616345,-7.157809,0.0659,0.0715,0.0539,0.0963,0.219,0.268,0.2854,0.2948,0.1654,0.0852,0.68228704,-0.5993275,-0.39636976,-0.26619345,0.49541524,0.51926786,0.4137376,-0.23133542
1,Sawah,15,112.62694902722137,-7.1514545,0.06,0.1007,0.0971,0.1599,0.237,0.2532,0.26,0.2742,0.2419,0.14,0.45617476,-0.44164127,-0.4121425,-0.036062952,0.23839009,0.2924386,0.28508925,0.028831555
1,Sawah,3,112.6282389820671,-7.1505025,0.0386,0.0678,0.0608,0.1112,0.2188,0.2466,0.2734,0.2665,0.1547,0.0835,0.636146,-0.6025792,-0.3905618,-0.2772717,0.42173687,0.3940832,0.38228244,-0.1829384
1,Sawah,30,112.60144359910714,-7.1580265,0.0506,0.073,0.0623,0.1127,0.2007,0.2299,0.2254,0.2544,0.1722,0.0881,0.56690997,-0.5107239,-0.4045677,-0.13380283,0.3333333,0.33430353,0.3105878,-0.08129286
1,Sawah,10,112.62746127731091,-7.15094,0.0324,0.0614,0.04805,0.13155,0.2776,0.3142,0.311,0.3539,0.2318,0.12915,0.73234934,-0.6702471,-0.58117324,-0.14591007,0.40549088,0.4846826,0.45914093,-0.101965494
1,Sawah,44,112.6033833683826,-7.1583495,0.0698,0.0852,0.0922,0.1238,0.1931,0.2324,0.2476,0.25,0.1795,0.1062,0.45732787,-0.48798078,-0.35625237,-0.15944745,0.33333334,0.3041572,0.2775661,-0.07757599
1,Sawah,6,112.62641823146387,-7.151266,0.05675,0.0977,0.0892,0.1659,0.25335,0.28915,0.295,0.32435,0.2643,0.1564,0.53565854,-0.5024191,-0.460221,-0.054890044,0.2801041,0.366303,0.34912917,0.0024813788
1,Sawah,11,112.62594473566438,-7.1511785,0.0445,0.07335,0.0639,0.1297,0.28255,0.33,0.3376,0.34905,0.23085,0.1311,0.6816937,-0.64302224,-0.5177515,-0.18779136,0.4448962,0.49324206,0.45540765,-0.12905368
1,Sawah,22,112.62689673977253,-7.151851000000001,0.06555,0.1083,0.10215,0.16055,0.2032,0.22085,0.2196,0.24045,0.2135,0.1166,0.36503497,-0.33943278,-0.32691112,-0.014084539,0.15533343,0.21898016,0.21439002,0.050765637
1,Sawah,19,112.62586952734213,-7.1513515000000005,0.0606,0.0954,0.08855,0.14035,0.2791,0.3208,0.3112,0.34475,0.2417,0.14885,0.5569731,-0.5307427,-0.4339958,-0.12570086,0.3783634,0.40102667,0.37118644,-0.059183836
1,Sawah,35,112.60179597380952,-7.157194499999999,0.05295,0.07605,0.0717,0.13215,0.21775,0.26175,0.253,0.2859,0.1818,0.10285,0.55836153,-0.5377602,-0.41012216,-0.16375346,0.31377387,0.35242888,0.32975626,-0.0937528
1,Sawah,0,112.6288762731788,-7.149684,0.04395,0.0816,0.0748,0.1511,0.3101,0.351,0.3328,0.3956,0.24665,0.1401,0.63297355,-0.60617757,-0.502818,-0.14867547,0.3754908,0.44422257,0.42639932,-0.079203665
1,Sawah,12,112.62642115381271,-7.1515235,0.05065,0.0866,0.06395,0.1609,0.2746,0.31825,0.3308,0.3381,0.25365,0.14455,0.67599744,-0.5850503,-0.4909625,-0.13200442,0.3455359,0.4998595,0.4473596,-0.091338225
1,Sawah,14,112.62667628558611,-7.1515615,0.0664,0.1011,0.1048,0.159,0.2122,0.2275,0.2226,0.2445,0.2253,0.1293,0.3598045,-0.37534752,-0.38051474,0.0060281334,0.16666669,0.2176001,0.21356055,0.066386685
1,Sawah,49,112.60427172077851,-7.157654,0.0431,0.0687,0.0514,0.1083,0.1733,0.2054,0.2078,0.2216,0.1613,0.0902,0.60339504,-0.50307417,-0.4026087,-0.1259821,0.3147738,0.32775888,0.3090095,-0.0823986
1,Sawah,2,112.62815352580961,-7.1498665,0.0444,0.086,0.0754,0.15,0.3099,0.3426,0.3392,0.3737,0.2624,0.1515,0.63627595,-0.5954845,-0.5063146,-0.12765956,0.38675386,0.45214587,0.43264812,-0.063487664
1,Sawah,36,112.60184656639127,-7.1569345,0.052,0.0766,0.0727,0.1369,0.2207,0.2665,0.2764,0.276,0.1991,0.1205,0.58350044,-0.5660057,-0.44432354,-0.16256572,0.33752725,0.3850371,0.35985163,-0.094301894
1,Sawah,33,112.60173947335946,-7.1574355,0.039,0.0548,0.04545,0.0932,0.2075,0.26975,0.2674,0.3,0.16525,0.08515,0.7094454,-0.65983856,-0.50193137,-0.23610307,0.48308375,0.44475394,0.4095774,-0.18507059
1,Sawah,1,112.62849405195325,-7.149924,0.0563,0.0886,0.0835,0.1539,0.28025,0.30765,0.3156,0.3323,0.2837,0.16845,0.5815585,-0.5616031,-0.5240397,-0.053228796,0.34440896,0.41614377,0.38722056,-0.006359133
1,Sawah,13,112.6266177640845,-7.1518055,0.06415,0.0995,0.1018,0.15455,0.2123,0.23545,0.2223,0.24165,0.20935,0.11755,0.3717988,-0.38160348,-0.3556743,-0.030001132,0.17977972,0.22282216,0.21933015,0.04133202
2,Bangunan,11,112.60921580574632,-7.145074,0.0845,0.10255,0.1105,0.16095,0.19705,0.20825,0.192,0.23135,0.29115,0.2564,0.2694215,-0.30368358,-0.47904497,0.20521577,0.08797279,0.16683725,0.15233645,0.18454623
2,Bangunan,2,112.61322994546774,-7.146314,0.1417,0.1521,0.1657,0.1497,0.16765,0.18075,0.2054,0.2031,0.26285,0.241,0.10697925,-0.14909093,-0.26689962,0.122690834,0.15685724,0.08730264,0.06836184,0.105008684
2,Bangunan,15,112.61119961355949,-7.1407435,0.0976,0.1268,0.1886,0.1893,0.1997,0.202,0.2216,0.2165,0.2901,0.2726,0.080448546,-0.272101,-0.39170066,0.13386752,0.078607924,0.05088822,0.05438364,0.1998998
2,Bangunan,57,112.60844737255769,-7.1447585,0.08025,0.0938,0.0913,0.1423,0.16025,0.1753,0.1659,0.2035,0.29105,0.2614,0.29004666,-0.27762806,-0.5125373,0.2738811,0.07657369,0.16774224,0.1477813,0.21670642
2,Bangunan,16,112.6119103961606,-7.1418870000000005,0.0971,0.1148,0.1226,0.1523,0.1584,0.1655,0.1629,0.1899,0.30535,0.299,0.14115588,-0.1732085,-0.4535285,0.30421785,0.033629443,0.08609273,0.07695736,0.24413112
2,Bangunan,4,112.61003398310811,-7.1478304999999995,0.064,0.09025,0.0925,0.15685,0.21095,0.23365,0.2688,0.244,0.1954,0.1515,0.48796013,-0.4972845,-0.3681078,-0.15812148,0.2630095,0.3279878,0.30703586,-0.07233768
2,Bangunan,3,112.61162745638703,-7.1466455,0.1024,0.1137,0.1354,0.1517,0.17655,0.1735,0.1587,0.1792,0.19435,0.17655,0.07922478,-0.16519824,-0.26180816,0.1009772,0.022551544,0.048416607,0.044012103,0.116188556
2,Bangunan,48,112.61185817954325,-7.145496,0.0962,0.106,0.1228,0.1559,0.1826,0.1846,0.1812,0.1994,0.236,0.2136,0.19210526,-0.26183844,-0.38011694,0.13135187,0.0750519,0.122022554,0.10895521,0.12794721
2,Bangunan,46,112.61334427663559,-7.1451595,0.0915,0.10275,0.1266,0.1435,0.15445,0.16725,0.1567,0.1783,0.24015,0.2193,0.10624781,-0.20793985,-0.4006999,0.21028098,0.04397069,0.06117638,0.057640757,0.1927799
2,Bangunan,0,112.6108433798394,-7.1465645,0.083,0.0928,0.1118,0.1363,0.1471,0.1482,0.1351,0.15455,0.1831,0.18065,0.094370216,-0.18560776,-0.3272925,0.15084851,-0.004421483,0.049222596,0.046793424,0.14970757
2,Bangunan,37,112.6108993525641,-7.1438705,0.0796,0.09105,0.09755,0.1244,0.1476,0.16665,0.1512,0.1933,0.2632,0.2344,0.2156784,-0.24829721,-0.48595628,0.27027032,0.097242385,0.11770514,0.10747914,0.21967715
2,Bangunan,43,112.6104477498481,-7.1421335,0.09715,0.1141,0.1351,0.17035,0.18795,0.20075,0.172,0.22125,0.2881,0.268,0.120156296,-0.20237681,-0.43262056,0.25233644,0.004819645,0.07356606,0.06857886,0.22250305
2,Bangunan,30,112.61117260347191,-7.143408,0.0994,0.1204,0.1505,0.1704,0.1742,0.19595,0.1787,0.2184,0.3126,0.29475,0.085662216,-0.19491811,-0.4438799,0.2725422,0.023775442,0.052761562,0.051013023,0.24959522
2,Bangunan,56,112.61044671589964,-7.139904,0.0899,0.0978,0.1108,0.1624,0.1805,0.185,0.1594,0.2101,0.2869,0.2621,0.17986676,-0.23950233,-0.49155188,0.2856823,-0.00932258,0.10565677,0.094650745,0.22936632
2,Bangunan,20,112.61091499567723,-7.141959,0.1068,0.1146,0.1246,0.1519,0.1634,0.1754,0.1694,0.2042,0.2963,0.2682,0.15238097,-0.19295776,-0.44220003,0.272493,0.05446627,0.100358434,0.084634766,0.20757423
2,Bangunan,40,112.61114170973644,-7.144881,0.0749,0.1204,0.2448,0.2155,0.2632,0.2823,0.3032,0.2758,0.2744,0.24,0.10656936,-0.4315392,-0.39007092,-0.049861513,0.16907655,0.06605588,0.083587795,0.15724948
2,Bangunan,24,112.6124155693512,-7.141723,0.101,0.1295,0.1741,0.1709,0.17575,0.18165,0.2124,0.2017,0.29555,0.27975,0.09909446,-0.24246857,-0.3906599,0.16369718,0.10827029,0.063854635,0.064805426,0.19954024
2,Bangunan,49,112.61307917031687,-7.1432955,0.1244,0.1389,0.1637,0.16695,0.1901,0.1933,0.2007,0.20605,0.2491,0.22905,0.10153677,-0.1819788,-0.2840206,0.10760338,0.09179926,0.07400592,0.064206384,0.118850805
2,Bangunan,61,112.61342154259049,-7.1420175,0.0678,0.08665,0.091,0.15405,0.17915,0.1887,0.1902,0.2024,0.2214,0.19855,0.35277385,-0.37402928,-0.437429,0.07580173,0.10501092,0.20200376,0.1904762,0.09537161
2,Bangunan,28,112.61258915354028,-7.145294,0.0949,0.129,0.178,0.1546,0.157,0.1777,0.2082,0.1859,0.2448,0.2197,0.0781978,-0.23487546,-0.30979136,0.08079472,0.1477398,0.048259754,0.05111711,0.16489877
2,Bangunan,47,112.61319918480632,-7.145647500000001,0.0944,0.108,0.1148,0.1385,0.1521,0.1548,0.1546,0.1644,0.2099,0.1984,0.1477357,-0.17745617,-0.32054105,0.15171471,0.054930024,0.087634295,0.077592924,0.1319505
2,Bangunan,50,112.61470124416343,-7.1444235,0.1382,0.148,0.1678,0.1713,0.1788,0.1885,0.204,0.1935,0.2086,0.19,0.09736418,-0.15909089,-0.16993831,0.011148821,0.0871303,0.0770672,0.06228493,0.04759256
2,Bangunan,34,112.60719491082668,-7.142796000000001,0.0698,0.0809,0.0934,0.1235,0.1493,0.1707,0.1758,0.19645,0.2621,0.23545,0.3060921,-0.36969227,-0.5282799,0.19707699,0.17474106,0.16986887,0.16068642,0.18283153
2,Bangunan,13,112.61200118876081,-7.141121,0.1214,0.1425,0.1529,0.1935,0.1911,0.1937,0.1776,0.2103,0.28645,0.26945,0.074735254,-0.10965323,-0.33558688,0.23456524,-0.042845596,0.052131705,0.04461168,0.190086
2,Bangunan,25,112.61271238859649,-7.141592,0.113,0.123,0.1324,0.1609,0.1706,0.1819,0.155,0.1994,0.282,0.2709,0.07863603,-0.11510791,-0.3925926,0.29061785,-0.018676782,0.051275056,0.043053076,0.21453694
2,Bangunan,44,112.61036399970413,-7.1425715,0.0957,0.1154,0.1448,0.1701,0.181,0.1838,0.1838,0.1961,0.303,0.2935,0.118685305,-0.2286096,-0.44837478,0.24486442,0.03871148,0.07304189,0.070600994,0.23140381
2,Bangunan,18,112.61086806529703,-7.1414015,0.0959,0.1042,0.1244,0.131,0.1401,0.1521,0.1634,0.1807,0.2814,0.2632,0.13551077,-0.2212257,-0.45954353,0.2652878,0.110054344,0.08189491,0.074257426,0.22026762
2,Bangunan,19,112.61103683759441,-7.141033,0.1378,0.1548,0.1708,0.1619,0.1729,0.1793,0.2164,0.2076,0.2974,0.2892,0.117768586,-0.16594827,-0.3153472,0.15764888,0.14406554,0.09439429,0.07709648,0.13861868
2,Bangunan,33,112.60964629520697,-7.1434555,0.0924,0.1236,0.186,0.1801,0.196,0.2098,0.2272,0.2224,0.2811,0.2655,0.09970957,-0.29532498,-0.38917714,0.10603975,0.1156396,0.06241667,0.06767411,0.1874921
2,Bangunan,36,112.60665221553501,-7.1435960000000005,0.0708,0.0861,0.09865,0.129,0.13555,0.14445,0.1432,0.17375,0.26465,0.249,0.18420507,-0.24901876,-0.50905204,0.29778105,0.052167535,0.09249647,0.09007884,0.25861773
2,Bangunan,58,112.61276072539616,-7.1468395000000005,0.08145,0.09705,0.1019,0.1473,0.16885,0.17895,0.1948,0.1995,0.26215,0.24715,0.31311092,-0.33493233,-0.45963246,0.14739028,0.13884827,0.19429864,0.17490901,0.13712318
2,Bangunan,6,112.60985661645418,-7.147320000000001,0.1152,0.1297,0.1463,0.15195,0.1731,0.1823,0.1776,0.1897,0.1888,0.17325,0.096634746,-0.15587372,-0.1855573,0.030567715,0.07783339,0.065679014,0.05698506,0.06736739
2,Bangunan,8,112.60986232563026,-7.1461465,0.1166,0.1444,0.1893,0.1959,0.2005,0.21035,0.2149,0.2202,0.2966,0.2815,0.06333499,-0.19621485,-0.34512472,0.15972632,0.04625124,0.04335456,0.04246848,0.18889163
2,Bangunan,14,112.61114248379053,-7.1401955,0.1664,0.1982,0.2154,0.2067,0.215,0.2233,0.2384,0.2299,0.2954,0.2809,0.050683126,-0.09207512,-0.19692056,0.10678156,0.07121995,0.04482383,0.03617111,0.115771085
2,Bangunan,27,112.61221025969495,-7.144576,0.111,0.1269,0.1519,0.15045,0.1683,0.1823,0.1927,0.19075,0.21435,0.193,0.11839816,-0.20588236,-0.25626373,0.05318757,0.123123966,0.08021391,0.072460346,0.09336514
2,Bangunan,9,112.60983999900563,-7.1455660000000005,0.1016,0.1077,0.1182,0.1264,0.14575,0.1625,0.1559,0.18,0.23315,0.21225,0.13754106,-0.18285283,-0.36805052,0.1985606,0.10449879,0.08544103,0.073052585,0.15414308
2,Bangunan,38,112.61043926646448,-7.144512499999999,0.1475,0.1533,0.177,0.1725,0.1895,0.1945,0.2082,0.2123,0.2845,0.25955,0.08099686,-0.1518672,-0.29968023,0.154861,0.09377461,0.06701317,0.052869394,0.12946649
2,Bangunan,21,112.61149991624856,-7.1400235,0.0838,0.0964,0.1196,0.1643,0.1772,0.1721,0.157,0.1949,0.2888,0.2627,0.13521333,-0.23914762,-0.4994808,0.29564825,-0.022720166,0.07503413,0.072237976,0.25816387
2,Bangunan,59,112.61314588599538,-7.144591500000001,0.0844,0.0966,0.113,0.1436,0.1815,0.1857,0.184,0.2003,0.214,0.1861,0.23905726,-0.3114754,-0.3779781,0.07537689,0.123321116,0.14442638,0.1336261,0.0984212
2,Bangunan,54,112.60845017635721,-7.142360999999999,0.138,0.1623,0.1713,0.17405,0.1776,0.1864,0.2114,0.21155,0.3032,0.30455,0.104781836,-0.1313888,-0.3026853,0.17839098,0.096899725,0.08325031,0.06814321,0.15183884
2,Bangunan,60,112.61391361595452,-7.1456085,0.1912,0.2008,0.2144,0.1752,0.1897,0.1921,0.227,0.2062,0.2432,0.2278,0.028545547,-0.061243564,-0.0954955,0.034453437,0.12879165,0.029182892,0.02007649,0.044987418
2,Bangunan,45,112.61217369046622,-7.1439815,0.09395,0.1099,0.1317,0.16495,0.17085,0.1745,0.141,0.1835,0.2293,0.2152,0.03410344,-0.12395379,-0.35200474,0.23845533,-0.078280754,0.018955238,0.018053595,0.21151102
2,Bangunan,55,112.6089066674847,-7.1432970000000005,0.098,0.1186,0.1232,0.1514,0.1753,0.1896,0.1852,0.2108,0.2465,0.2267,0.20103763,-0.21922317,-0.350315,0.14199674,0.10041594,0.13031782,0.11504207,0.13248587
2,Bangunan,35,112.60699216774827,-7.1432115,0.1026,0.1245,0.1309,0.13555,0.13905,0.14,0.1626,0.16725,0.2546,0.2406,0.10800681,-0.13270637,-0.34318116,0.22051774,0.09072611,0.067246504,0.059924386,0.18487783
2,Bangunan,7,112.60983025,-7.1467,0.0924,0.1078,0.1276,0.14005,0.1589,0.15275,0.1421,0.1603,0.18295,0.16415,0.053763468,-0.13725492,-0.2584695,0.12567297,0.007265683,0.029842775,0.028257776,0.13952847
2,Bangunan,23,112.61236786927225,-7.140435999999999,0.0928,0.1072,0.1142,0.1277,0.1367,0.1489,0.1536,0.1766,0.2868,0.2809,0.14712474,-0.17791414,-0.45583758,0.3024523,0.09207254,0.08619181,0.07697318,0.23880135
2,Bangunan,5,112.60943832310062,-7.1472755,0.10255,0.1197,0.136,0.1783,0.1835,0.18745,0.1673,0.19425,0.21205,0.1994,0.103198126,-0.16585366,-0.2783723,0.11796495,-0.031828683,0.06444704,0.058446396,0.12655766
2,Bangunan,26,112.61432237636322,-7.14267,0.1034,0.1244,0.1756,0.1677,0.1899,0.1881,0.1874,0.1858,0.2049,0.1719,0.03250686,-0.2020526,-0.24445795,0.044608712,0.05547735,0.020129632,0.020509833,0.13362134
2,Bangunan,32,112.61003704012325,-7.1433055,0.0799,0.092,0.1204,0.15065,0.16705,0.17305,0.1574,0.19055,0.26535,0.25395,0.13318935,-0.26222935,-0.48509863,0.2553519,0.021912036,0.072234586,0.07135511,0.2382634
2,Bangunan,22,112.61167683295119,-7.139673,0.0834,0.09325,0.104,0.12755,0.13815,0.1546,0.1554,0.17935,0.2754,0.25685,0.19814953,-0.24994972,-0.4941001,0.27855158,0.09842724,0.11136147,0.101527505,0.22743453
3,Mangrove,11,112.66549496093182,-7.19058495,0.04205,0.0717,0.04315,0.1151,0.2385,0.27635,0.2761,0.2913,0.1253,0.054,0.7296789,-0.58769405,-0.27208126,-0.3756851,0.41155422,0.47750333,0.42651817,-0.3076449
3,Mangrove,14,112.66252559558824,-7.200957,0.0308,0.0642,0.0338,0.1083,0.2669,0.3089,0.3028,0.3329,0.1333,0.0517,0.7991681,-0.6501363,-0.34987345,-0.3886723,0.4731209,0.5276165,0.48230934,-0.3325344
3,Mangrove,12,112.66567814260333,-7.1948025,0.03455,0.0612,0.03515,0.1016,0.24595,0.2859,0.2911,0.3087,0.13035,0.0554,0.7845211,-0.6525689,-0.36100233,-0.3814213,0.48255667,0.5148346,0.46465966,-0.3260715
3,Mangrove,3,112.7525380381579,-7.0119693000000005,0.0366,0.06305,0.03185,0.1131,0.302,0.35565,0.3554,0.3836,0.13535,0.05445,0.83550674,-0.69864976,-0.36441532,-0.44839528,0.5171825,0.635908,0.54699916,-0.40200284
3,Mangrove,15,112.66092508523067,-7.2039179,0.0316,0.05785,0.03015,0.08905,0.26175,0.314,0.3112,0.3411,0.11335,0.0417,0.82334846,-0.6864923,-0.32418224,-0.46602282,0.55502814,0.55981594,0.5010697,-0.40982932
3,Mangrove,17,112.66706419431826,-7.1682444,0.0442,0.0654,0.04535,0.0901,0.14755,0.16725,0.1419,0.17075,0.0838,0.0418,0.5156208,-0.36903042,-0.12332445,-0.25742134,0.22327588,0.22297922,0.2107312,-0.18065028
3,Mangrove,4,112.74878482014526,-7.01563805,0.03185,0.0519,0.0259,0.08585,0.2537,0.3079,0.3166,0.33695,0.0972,0.0353,0.8487591,-0.7183175,-0.30382293,-0.5302078,0.5733631,0.5893563,0.5175668,-0.4778921
3,Mangrove,2,112.69616572178973,-7.1577927500000005,0.0228,0.0397,0.0209,0.0725,0.2468,0.308,0.26,0.3267,0.064,0.0219,0.8511926,-0.7350684,-0.2343298,-0.6049382,0.5639098,0.49221838,0.45927775,-0.53821045
3,Mangrove,6,112.74667587843197,-7.01778225,0.0357,0.0652,0.033,0.11625,0.29415,0.34505,0.3304,0.3751,0.1437,0.0557,0.81838197,-0.6703741,-0.3757779,-0.39379874,0.47945815,0.5897751,0.5166783,-0.34893146
3,Mangrove,19,112.69429662166317,-7.14382305,0.019,0.0439,0.0176,0.087,0.28525,0.3442,0.3362,0.3701,0.0855,0.02905,0.90050876,-0.7690081,-0.32148376,-0.59449846,0.58884686,0.6130224,0.559733,-0.55007637
3,Mangrove,13,112.66492136867667,-7.199742799999999,0.03675,0.0674,0.0377,0.1102,0.28735,0.3407,0.3366,0.37,0.13735,0.05335,0.79855734,-0.6663366,-0.3416361,-0.42040303,0.5067144,0.5805349,0.5128103,-0.3615974
3,Mangrove,8,112.7481798762899,-7.0189087,0.0348,0.0607,0.0357,0.0965,0.1955,0.2255,0.1628,0.2306,0.0948,0.0428,0.6403022,-0.45682326,-0.21929264,-0.26397514,0.2556884,0.2847222,0.27294198,-0.20451081
3,Mangrove,5,112.74323714919086,-7.0182779,0.0324,0.0705,0.0346,0.1242,0.2896,0.3271,0.344,0.3634,0.1459,0.0549,0.8172214,-0.65983117,-0.34842882,-0.40436828,0.46945748,0.5910898,0.52822673,-0.35176873
3,Mangrove,16,112.66231208225256,-7.2076367999999995,0.0384,0.0658,0.0366,0.1106,0.2704,0.3185,0.3124,0.3391,0.1275,0.0486,0.79025793,-0.65203595,-0.31919292,-0.42032284,0.4770686,0.5542605,0.4872792,-0.36259472
3,Mangrove,0,112.69221612037794,-7.1515431,0.023,0.0516,0.0244,0.09115,0.2737,0.33035,0.3318,0.3534,0.10085,0.03665,0.86299837,-0.7308294,-0.32305676,-0.5338033,0.5689798,0.58857316,0.53854245,-0.47817937
3,Mangrove,9,112.7379826750813,-7.0223984999999995,0.0345,0.0524,0.0297,0.0886,0.2036,0.242,0.2436,0.2556,0.0985,0.0483,0.78265643,-0.6459459,-0.3055003,-0.42414498,0.4665864,0.45978242,0.41491014,-0.3689392
3,Mangrove,10,112.73222357707692,-7.0300306,0.038,0.0606,0.031,0.0956,0.2687,0.3144,0.3188,0.3401,0.1101,0.0471,0.82275593,-0.6805482,-0.28998244,-0.4865936,0.53861,0.58985084,0.5080019,-0.4332195
3,Mangrove,18,112.6664038968278,-7.170119550000001,0.01855,0.04085,0.0186,0.0901,0.23485,0.28135,0.3132,0.30725,0.1276,0.0781,0.8878843,-0.7692417,-0.5149896,-0.4210526,0.55318624,0.5728508,0.53125757,-0.38822052
3,Mangrove,7,112.74742068185697,-7.0184902000000005,0.02725,0.0635,0.0331,0.1219,0.2813,0.3296,0.328,0.3552,0.14585,0.0628,0.81667125,-0.6756067,-0.3933604,-0.38440436,0.45810184,0.55758286,0.5137034,-0.33002618
3,Mangrove,1,112.69263125265316,-7.14876035,0.01785,0.0509,0.02115,0.10055,0.29445,0.34385,0.3444,0.37385,0.1012,0.03575,0.88428396,-0.742474,-0.33070347,-0.54578096,0.5480391,0.6042395,0.56019294,-0.49504745
4,Lahan Hijau,7,113.9684123897419,-8.5546045,0.0568,0.072,0.0848,0.1174,0.2284,0.2688,0.2264,0.2994,0.2322,0.1604,0.45501292,-0.5174263,-0.52662724,0.012647174,0.3170448,0.27039415,0.26183432,0.056314573
4,Lahan Hijau,13,113.9132228559431,-8.372577849999999,0.0317,0.04985,0.02605,0.0799,0.2681,0.323,0.3346,0.35565,0.13415,0.05725,0.8555386,-0.74066854,-0.45815215,-0.42762667,0.6144753,0.61554885,0.53776217,-0.39145297
4,Lahan Hijau,6,114.37531519501614,-8.6199934,0.0367,0.0618,0.0396,0.1082,0.3066,0.3954,0.3952,0.4377,0.1806,0.0767,0.81784725,-0.72954047,-0.49009898,-0.37269887,0.57012314,0.65485615,0.5706033,-0.3246435
4,Lahan Hijau,10,113.85469203767344,-8.531467899999999,0.0307,0.0514,0.0288,0.0827,0.277,0.3527,0.3532,0.3708,0.148,0.0628,0.8492146,-0.74592185,-0.48445335,-0.4094174,0.6205552,0.6258923,0.55170065,-0.3693597
4,Lahan Hijau,14,113.74238414209397,-8.4251668,0.041,0.0828,0.0484,0.1305,0.3897,0.4526,0.4572,0.4996,0.2672,0.1326,0.80854434,-0.6933334,-0.52685714,-0.26228604,0.5558958,0.709673,0.6097852,-0.22437948
4,Lahan Hijau,18,113.94473079475813,-8.151857,0.0272,0.036,0.02385,0.0672,0.19475,0.24765,0.2194,0.27665,0.1526,0.06855,0.8039055,-0.7180893,-0.6182397,-0.17956989,0.5310538,0.42198968,0.39465186,-0.16581966
4,Lahan Hijau,15,114.05124446553359,-8.060747,0.035,0.0686,0.0346,0.1151,0.3107,0.3828,0.3848,0.3948,0.1928,0.0912,0.8350024,-0.6973974,-0.47513393,-0.33240995,0.5395079,0.6583201,0.57135093,-0.29728058
4,Lahan Hijau,5,114.43293454914077,-8.65046805,0.05155,0.0646,0.0427,0.10795,0.30645,0.39345,0.4262,0.436,0.1955,0.0917,0.81787163,-0.7367563,-0.50326794,-0.3710793,0.5958064,0.73990476,0.5937146,-0.3345904
4,Lahan Hijau,11,113.85689486602737,-8.47191735,0.0276,0.04855,0.02565,0.0842,0.281,0.35115,0.32455,0.36825,0.1719,0.07475,0.8535123,-0.739748,-0.55953735,-0.30748314,0.5880123,0.5877148,0.52734655,-0.2812443
4,Lahan Hijau,8,113.99455348287016,-8.444371400000001,0.0425,0.0542,0.0312,0.0943,0.2809,0.4164,0.4036,0.4422,0.1594,0.0691,0.8564858,-0.7632154,-0.49250934,-0.43374777,0.6212091,0.7318895,0.59756094,-0.40128785
4,Lahan Hijau,19,112.02455387127901,-7.431040250000001,0.0328,0.055,0.0363,0.0893,0.208,0.2403,0.2468,0.2694,0.1605,0.0759,0.7435535,-0.63552016,-0.4895592,-0.21188314,0.46861053,0.43184802,0.40320522,-0.1738035
4,Lahan Hijau,9,113.90098816593701,-8.52059025,0.02825,0.0526,0.02725,0.10125,0.3171,0.36505,0.357,0.4067,0.2175,0.1013,0.85816526,-0.74316406,-0.61051464,-0.24281985,0.5581015,0.6299551,0.55937237,-0.22301589
4,Lahan Hijau,3,114.55744851533952,-8.7129793,0.02835,0.0494,0.03225,0.08195,0.2438,0.31525,0.3148,0.34165,0.14275,0.06365,0.8141479,-0.7287205,-0.48581836,-0.37602448,0.58689344,0.5451792,0.50035423,-0.32451993
4,Lahan Hijau,1,111.74890704908458,-7.69525025,0.04375,0.0648,0.0579,0.11535,0.2679,0.3086,0.31575,0.3396,0.2394,0.1384,0.6900843,-0.65944034,-0.57396454,-0.1375304,0.4648573,0.48285607,0.4427116,-0.09470155
4,Lahan Hijau,2,111.83478633266361,-7.85404735,0.0296,0.0648,0.03595,0.11595,0.3176,0.3616,0.36185,0.38185,0.208,0.09935,0.8192559,-0.69623816,-0.5249267,-0.26998332,0.51465046,0.6010475,0.54449767,-0.2321372
4,Lahan Hijau,12,113.73611504626265,-8.477863450000001,0.0312,0.0628,0.0348,0.1111,0.3459,0.4483,0.442,0.4746,0.2143,0.091,0.85402685,-0.7511886,-0.5467341,-0.346945,0.59826434,0.7185206,0.6253072,-0.3102589
4,Lahan Hijau,0,114.41904327277389,-8.702536250000001,0.0368,0.0517,0.031,0.08725,0.267,0.35295,0.3498,0.38605,0.1628,0.07035,0.8371849,-0.7424658,-0.51794875,-0.36480686,0.6007322,0.6326401,0.5429155,-0.33218467
4,Lahan Hijau,4,114.49030409080109,-8.6954066,0.0322,0.0596,0.026,0.0909,0.3085,0.4359,0.432,0.4796,0.1964,0.0898,0.8864629,-0.75752646,-0.534375,-0.37492043,0.6523236,0.7538063,0.6356994,-0.3521701
4,Lahan Hijau,17,114.06223177244523,-8.199501949999998,0.02975,0.0476,0.02685,0.0862,0.23335,0.28565,0.2695,0.30865,0.14735,0.0666,0.8187953,-0.6997792,-0.51166964,-0.29303107,0.5153219,0.50239134,0.45705405,-0.26412502
4,Lahan Hijau,16,114.19128811990083,-7.926028949999999,0.0205,0.038,0.0206,0.0792,0.2332,0.2848,0.2548,0.3085,0.1384,0.0636,0.85039943,-0.74043715,-0.569161,-0.29603255,0.5257485,0.47809574,0.45305645,-0.26778722
5,Perairan Terbuka (Laut),6,112.92405349971244,-7.40633,0.0675,0.06885,0.032,0.0276,0.01585,0.0165,0.0117,0.0127,0.0072,0.00545,-0.4645309,0.7094972,0.8106509,-0.23809521,-0.4045802,-0.072765075,-0.056005154,-0.33783782
5,Perairan Terbuka (Laut),2,112.65877508669345,-6.9312586,0.08855,0.1104,0.07405,0.06595,0.03875,0.0348,0.03205,0.02835,0.0144,0.0105,-0.39585298,0.55001754,0.7692308,-0.37997848,-0.3459184,-0.12927453,-0.10394325,-0.15379097
5,Perairan Terbuka (Laut),12,112.6128157186488,-6.784118,0.0614,0.0637,0.0335,0.0353,0.0295,0.0287,0.0226,0.0275,0.0176,0.0179,-0.19429588,0.4762456,0.5670357,-0.12437812,-0.21934369,-0.035709605,-0.029401189,-0.24352328
5,Perairan Terbuka (Laut),14,112.86846640324109,-6.8248221000000004,0.03615,0.02665,0.0141,0.0165,0.014,0.0141,0.0094,0.0124,0.01085,0.0087,-0.2,0.47850212,0.42133328,0.071604945,-0.27413127,-0.014279205,-0.013467049,-0.29219857
5,Perairan Terbuka (Laut),7,113.12644181749636,-7.47986685,0.0336,0.0227,0.0144,0.0167,0.0137,0.0148,0.0107,0.0129,0.0092,0.0082,-0.14741032,0.35928145,0.4231975,-0.07537688,-0.21897806,-0.010945449,-0.010569413,-0.30486003
5,Perairan Terbuka (Laut),4,112.08093814003192,-6.8074831499999995,0.0684,0.066,0.0331,0.0282,0.02,0.0234,0.0197,0.0192,0.0159,0.0145,-0.2537879,0.54025674,0.6117216,-0.10674155,-0.17745304,-0.047497526,-0.03636035,-0.28519326
5,Perairan Terbuka (Laut),10,112.74995505317942,-6.9249170499999995,0.071,0.07825,0.03625,0.0334,0.01965,0.0198,0.01505,0.01505,0.01005,0.00875,-0.41325536,0.67738473,0.77236694,-0.19920316,-0.37874097,-0.07570888,-0.05768184,-0.30034006
5,Perairan Terbuka (Laut),1,112.6623987899388,-7.0569649000000005,0.0762,0.094,0.0574,0.0481,0.0257,0.0273,0.021,0.0187,0.0095,0.0073,-0.46428567,0.6347826,0.81642514,-0.37704918,-0.3921852,-0.11462399,-0.094398335,-0.1846435
5,Perairan Terbuka (Laut),9,113.85989931714269,-7.4434336000000005,0.03605,0.0272,0.01755,0.0176,0.0156,0.0148,0.0123,0.0127,0.00845,0.0069,-0.17587943,0.37721524,0.52594674,-0.18554215,-0.17725752,-0.015491757,-0.0148627,-0.30060524
5,Perairan Terbuka (Laut),13,113.16049777243705,-8.38381615,0.0309,0.0207,0.0128,0.0125,0.0112,0.01085,0.0081,0.0089,0.00685,0.0051,-0.22488034,0.43749997,0.50272226,-0.08361205,-0.2135922,-0.013772489,-0.013534266,-0.3299233
5,Perairan Terbuka (Laut),0,112.41822388299101,-6.8020654,0.0492,0.04585,0.02635,0.0251,0.01885,0.0173,0.0152,0.01455,0.00925,0.0085,-0.26835138,0.5020475,0.66424686,-0.24335377,-0.24565756,-0.034657467,-0.030883577,-0.28800002
5,Perairan Terbuka (Laut),3,112.21734481905611,-6.8186131,0.0536,0.0457,0.0239,0.0245,0.02165,0.0205,0.01865,0.0179,0.0134,0.01145,-0.12338424,0.42035738,0.5465313,-0.1638066,-0.13557355,-0.0172686,-0.014514789,-0.31903243
5,Perairan Terbuka (Laut),8,113.48732314515848,-7.5453029,0.03065,0.02255,0.0139,0.01375,0.0139,0.013,0.01035,0.01175,0.00725,0.0046,-0.14639172,0.37082067,0.5134228,-0.17613636,-0.14107881,-0.010273476,-0.010157365,-0.31938857
5,Perairan Terbuka (Laut),11,112.00538477093635,-6.70668685,0.05375,0.039,0.02165,0.0226,0.01985,0.0191,0.0192,0.01555,0.0147,0.01225,-0.05997549,0.34020618,0.452514,-0.13274339,-0.08133971,-0.008210727,-0.0067948564,-0.33485824
5,Perairan Terbuka (Laut),5,111.7852017922171,-6.6567533,0.0568,0.04345,0.0275,0.02755,0.0257,0.0253,0.0203,0.02305,0.01475,0.01175,-0.15062758,0.36313727,0.49312717,-0.15834524,-0.15151514,-0.023706041,-0.019715222,-0.29199833
6,Danau,6,111.61346027140647,-8.03850165,0.0456,0.0626,0.0576,0.1067,0.2175,0.2601,0.2328,0.294,0.2105,0.1129,0.6033058,-0.5761679,-0.5415598,-0.050304543,0.37142858,0.3542543,0.3324899,-0.018847229
6,Danau,14,112.51476549228366,-8.1895285,0.0541,0.0691,0.04615,0.05915,0.02795,0.02775,0.0249,0.0218,0.0165,0.0112,-0.2990851,0.4702128,0.614486,-0.20289856,-0.40749553,-0.05928798,-0.05581823,-0.115425356
6,Danau,7,111.7988323257795,-8.01778505,0.0309,0.0368,0.0202,0.0187,0.0137,0.0117,0.0092,0.0088,0.0088,0.0072,-0.37414962,0.6,0.61403507,-0.022222236,-0.34050176,-0.030601455,-0.031167356,-0.16063678
6,Danau,5,111.6328079114857,-7.79742395,0.0263,0.0314,0.0196,0.0182,0.0053,0.0046,0.003,0.0027,0.0065,0.0055,-0.73451316,0.82558143,0.656992,0.36842102,-0.71698105,-0.044945035,-0.047646385,-0.057761736
6,Danau,3,114.05070325169814,-8.596540399999999,0.0307,0.0329,0.0254,0.0269,0.01905,0.0228,0.0212,0.0246,0.02905,0.0216,-0.090128765,0.21626621,0.06214692,0.15621892,-0.118503146,-0.011130546,-0.011525797,0.02397742
6,Danau,4,114.04834734778191,-8.598612500000002,0.0471,0.056,0.0376,0.03695,0.0228,0.0242,0.02275,0.02355,0.02675,0.0207,-0.24606462,0.4222223,0.35347435,0.080808096,-0.23785596,-0.04147581,-0.039751943,-0.040983576
6,Danau,1,111.5427437455634,-7.383377149999999,0.03535,0.04885,0.02925,0.0372,0.01945,0.02135,0.01645,0.01585,0.01505,0.00995,-0.2800875,0.49617144,0.52895147,-0.044444486,-0.38676608,-0.03452647,-0.03518416,-0.078043714
6,Danau,17,113.39709089650167,-7.98990105,0.0374,0.0606,0.0304,0.0352,0.0133,0.0125,0.0157,0.0157,0.0141,0.0085,-0.31887206,0.5884666,0.62249,-0.053691242,-0.38310415,-0.040050134,-0.04037722,-0.08811472
6,Danau,8,112.626555000541,-7.15336995,0.02185,0.0283,0.0172,0.02575,0.0242,0.0253,0.01995,0.02095,0.01415,0.01515,0.07402422,0.17305699,0.33333334,-0.170088,-0.12691465,0.007166871,0.0076794187,-0.14285712
6,Danau,0,111.61586993560977,-7.41032065,0.03875,0.05615,0.0346,0.03775,0.02155,0.0219,0.0169,0.01865,0.01385,0.01045,-0.34368935,0.5373032,0.6042857,-0.09918697,-0.38151875,-0.047383223,-0.048141435,-0.069164254
6,Danau,18,113.39020095590544,-7.97751855,0.02835,0.0332,0.01855,0.01585,0.0042,0.0025,0.0038,0.0051,0.0113,0.00775,-0.6599552,0.7945945,0.49213478,0.49668872,-0.6132315,-0.040859856,-0.04235665,-0.037096802
6,Danau,19,111.58972083750001,-7.9381663499999995,0.028,0.03585,0.022,0.02185,0.00945,0.0086,0.00715,0.00655,0.0108,0.00785,-0.5094339,0.6674419,0.53697747,0.20334262,-0.5068965,-0.039955873,-0.042095814,-0.03458424
6,Danau,16,113.41025831532468,-7.9956268999999995,0.03475,0.041,0.02535,0.02185,0.0087,0.01115,0.0062,0.00745,0.0127,0.0101,-0.60697305,0.7372881,0.5270019,0.3439153,-0.5579322,-0.053332224,-0.054040074,-0.036708873
6,Danau,13,112.4708440341683,-8.179297,0.0381,0.05875,0.02865,0.03695,0.0204,0.0216,0.01685,0.0156,0.0107,0.00795,-0.25934064,0.55423284,0.69186467,-0.22323047,-0.37360594,-0.03266888,-0.0324473,-0.16542943
6,Danau,20,112.22033877848202,-7.20008095,0.03935,0.0555,0.0377,0.0508,0.02075,0.0183,0.0121,0.01005,0.0115,0.0102,-0.51405627,0.6420119,0.6567164,-0.025423722,-0.6152623,-0.06785592,-0.06984358,-0.022354666
6,Danau,15,113.395831380402,-7.9508465,0.0215,0.0244,0.0107,0.0073,0.0,0.0,0.0,0.0,0.0078,0.0059,-0.99999994,0.99999994,0.5155279,0.9999999,-0.9999999,-0.02962512,-0.031427454,-0.07500001
6,Danau,11,111.6984467467903,-7.1948170000000005,0.0367,0.0521,0.0282,0.0359,0.015,0.0158,0.0118,0.0109,0.0142,0.0105,-0.41,0.6306729,0.57164407,0.09230767,-0.50524104,-0.045266353,-0.04555555,-0.067106694
6,Danau,12,111.56769025651516,-7.4063472,0.03505,0.0538,0.03025,0.03435,0.01805,0.0193,0.01465,0.0161,0.01315,0.0084,-0.34743875,0.5719503,0.60716957,-0.053956836,-0.4020408,-0.041788325,-0.042943656,-0.06766916
6,Danau,2,113.00869408208506,-7.728316599999999,0.0397,0.0558,0.0255,0.0417,0.0216,0.0207,0.018,0.0139,0.0081,0.0073,-0.17241381,0.5121951,0.74647886,-0.3793103,-0.39698496,-0.021471515,-0.020699173,-0.26396498
6,Danau,9,112.63342746621646,-7.15648825,0.0177,0.0308,0.0128,0.0417,0.0094,0.0095,0.0057,0.0048,0.0129,0.0108,-0.38378373,0.68767124,0.40961096,0.38709676,-0.7594937,-0.018689128,-0.02054002,0.046843175
